infogene_p,descrip
1,Sobre la gestión del Congreso
2,Sobre las funciones y/o procesos de las unidades administrativas del Congreso
3,Sobre la integración y el trabajo parlamentario de las comisiones legislativas
4,"Sobre las características sociodemográficas, del cargo y el trabajo parlamentario de las personas legisladoras"
5,Sobre las características sociodemográficas y tipo de adscripción del personal de apoyo de las personas legisladoras
6,"Sobre el proceso legislativo de las iniciativas presentadas, discutidas y/o aprobadas"
7,Sobre las personas servidoras públicas asociadas a las denuncias de juicio político presentadas ante el Congreso
8,Sobre las personas servidoras públicas asociadas a las denuncias de declaración de procedencia presentadas ante el Congreso
9,Sobre las personas servidoras públicas citadas a comparecer ante el Congreso
10,Otro tipo de información
99,No identificado
